method;startTime;endTime;currency;asset;candleSize;historySize;PPR_multiple.Multiples.names;trades;market;relativeProfit;startBalance;startPrice;endPrice;balance;profit;relativeResult;
"PPR_multiple";"2017-01-01 00:00:00";"2017-08-30 00:00:00";USDT;ETH;60;1;["CCI","CCI","DEMA"];0;45.1775;45.1775;8.04482173;8.04482173;371.49;371.49;363.44517827;0.0000;
"PPR_multiple";"2017-01-01 00:00:00";"2017-08-30 00:00:00";USDT;ETH;60;1;["CCI","CCI","MACD"];0;45.1775;45.1775;8.04482173;8.04482173;371.49;371.49;363.44517827;0.0000;
"PPR_multiple";"2017-01-01 00:00:00";"2017-08-30 00:00:00";USDT;ETH;60;1;["CCI","CCI","PPO"];0;45.1775;45.1775;8.04482173;8.04482173;371.49;371.49;363.44517827;0.0000;
"PPR_multiple";"2017-01-01 00:00:00";"2017-08-30 00:00:00";USDT;ETH;60;1;["CCI","CCI","RSI"];0;45.1775;45.1775;8.04482173;8.04482173;371.49;371.49;363.44517827;0.0000;
"PPR_multiple";"2017-01-01 00:00:00";"2017-08-30 00:00:00";USDT;ETH;60;1;["CCI","CCI","TSI"];4;45.1775;0.9781;8.04482173;8.04482173;371.49;15.91383045;7.86900872;-355.5762;
"PPR_multiple";"2017-01-01 00:00:00";"2017-08-30 00:00:00";USDT;ETH;60;1;["CCI","CCI","UO"];0;45.1775;45.1775;8.04482173;8.04482173;371.49;371.49;363.44517827;0.0000;
"PPR_multiple";"2017-01-01 00:00:00";"2017-08-30 00:00:00";USDT;ETH;60;1;["CCI","DEMA","CCI"];0;45.1775;45.1775;8.04482173;8.04482173;371.49;371.49;363.44517827;0.0000;
"PPR_multiple";"2017-01-01 00:00:00";"2017-08-30 00:00:00";USDT;ETH;60;1;["CCI","DEMA","DEMA"];0;45.1775;45.1775;8.04482173;8.04482173;371.49;371.49;363.44517827;0.0000;
"PPR_multiple";"2017-01-01 00:00:00";"2017-08-30 00:00:00";USDT;ETH;60;1;["CCI","DEMA","MACD"];0;45.1775;45.1775;8.04482173;8.04482173;371.49;371.49;363.44517827;0.0000;
"PPR_multiple";"2017-01-01 00:00:00";"2017-08-30 00:00:00";USDT;ETH;60;1;["CCI","DEMA","PPO"];0;45.1775;45.1775;8.04482173;8.04482173;371.49;371.49;363.44517827;0.0000;
"PPR_multiple";"2017-01-01 00:00:00";"2017-08-30 00:00:00";USDT;ETH;60;1;["CCI","DEMA","RSI"];0;45.1775;45.1775;8.04482173;8.04482173;371.49;371.49;363.44517827;0.0000;
"PPR_multiple";"2017-01-01 00:00:00";"2017-08-30 00:00:00";USDT;ETH;60;1;["CCI","DEMA","TSI"];0;45.1775;45.1775;8.04482173;8.04482173;371.49;371.49;363.44517827;0.0000;
"PPR_multiple";"2017-01-01 00:00:00";"2017-08-30 00:00:00";USDT;ETH;60;1;["CCI","DEMA","UO"];0;45.1775;45.1775;8.04482173;8.04482173;371.49;371.49;363.44517827;0.0000;
"PPR_multiple";"2017-01-01 00:00:00";"2017-08-30 00:00:00";USDT;ETH;60;1;["CCI","MACD","CCI"];0;45.1775;45.1775;8.04482173;8.04482173;371.49;371.49;363.44517827;0.0000;
"PPR_multiple";"2017-01-01 00:00:00";"2017-08-30 00:00:00";USDT;ETH;60;1;["CCI","MACD","DEMA"];0;45.1775;45.1775;8.04482173;8.04482173;371.49;371.49;363.44517827;0.0000;
"PPR_multiple";"2017-01-01 00:00:00";"2017-08-30 00:00:00";USDT;ETH;60;1;["CCI","MACD","MACD"];0;45.1775;45.1775;8.04482173;8.04482173;371.49;371.49;363.44517827;0.0000;
"PPR_multiple";"2017-01-01 00:00:00";"2017-08-30 00:00:00";USDT;ETH;60;1;["CCI","MACD","PPO"];0;45.1775;45.1775;8.04482173;8.04482173;371.49;371.49;363.44517827;0.0000;
"PPR_multiple";"2017-01-01 00:00:00";"2017-08-30 00:00:00";USDT;ETH;60;1;["CCI","MACD","RSI"];0;45.1775;45.1775;8.04482173;8.04482173;371.49;371.49;363.44517827;0.0000;
"PPR_multiple";"2017-01-01 00:00:00";"2017-08-30 00:00:00";USDT;ETH;60;1;["CCI","MACD","TSI"];0;45.1775;45.1775;8.04482173;8.04482173;371.49;371.49;363.44517827;0.0000;
"PPR_multiple";"2017-01-01 00:00:00";"2017-08-30 00:00:00";USDT;ETH;60;1;["CCI","MACD","UO"];0;45.1775;45.1775;8.04482173;8.04482173;371.49;371.49;363.44517827;0.0000;
"PPR_multiple";"2017-01-01 00:00:00";"2017-08-30 00:00:00";USDT;ETH;60;1;["CCI","PPO","CCI"];0;45.1775;45.1775;8.04482173;8.04482173;371.49;371.49;363.44517827;0.0000;
"PPR_multiple";"2017-01-01 00:00:00";"2017-08-30 00:00:00";USDT;ETH;60;1;["CCI","PPO","DEMA"];0;45.1775;45.1775;8.04482173;8.04482173;371.49;371.49;363.44517827;0.0000;
"PPR_multiple";"2017-01-01 00:00:00";"2017-08-30 00:00:00";USDT;ETH;60;1;["CCI","PPO","MACD"];0;45.1775;45.1775;8.04482173;8.04482173;371.49;371.49;363.44517827;0.0000;
"PPR_multiple";"2017-01-01 00:00:00";"2017-08-30 00:00:00";USDT;ETH;60;1;["CCI","PPO","PPO"];0;45.1775;45.1775;8.04482173;8.04482173;371.49;371.49;363.44517827;0.0000;
"PPR_multiple";"2017-01-01 00:00:00";"2017-08-30 00:00:00";USDT;ETH;60;1;["CCI","PPO","RSI"];0;45.1775;45.1775;8.04482173;8.04482173;371.49;371.49;363.44517827;0.0000;
"PPR_multiple";"2017-01-01 00:00:00";"2017-08-30 00:00:00";USDT;ETH;60;1;["CCI","PPO","TSI"];0;45.1775;45.1775;8.04482173;8.04482173;371.49;371.49;363.44517827;0.0000;
"PPR_multiple";"2017-01-01 00:00:00";"2017-08-30 00:00:00";USDT;ETH;60;1;["CCI","PPO","UO"];0;45.1775;45.1775;8.04482173;8.04482173;371.49;371.49;363.44517827;0.0000;
"PPR_multiple";"2017-01-01 00:00:00";"2017-08-30 00:00:00";USDT;ETH;60;1;["CCI","RSI","CCI"];0;45.1775;45.1775;8.04482173;8.04482173;371.49;371.49;363.44517827;0.0000;
"PPR_multiple";"2017-01-01 00:00:00";"2017-08-30 00:00:00";USDT;ETH;60;1;["CCI","RSI","DEMA"];0;45.1775;45.1775;8.04482173;8.04482173;371.49;371.49;363.44517827;0.0000;
"PPR_multiple";"2017-01-01 00:00:00";"2017-08-30 00:00:00";USDT;ETH;60;1;["CCI","RSI","MACD"];0;45.1775;45.1775;8.04482173;8.04482173;371.49;371.49;363.44517827;0.0000;
"PPR_multiple";"2017-01-01 00:00:00";"2017-08-30 00:00:00";USDT;ETH;60;1;["CCI","RSI","PPO"];0;45.1775;45.1775;8.04482173;8.04482173;371.49;371.49;363.44517827;0.0000;
"PPR_multiple";"2017-01-01 00:00:00";"2017-08-30 00:00:00";USDT;ETH;60;1;["CCI","RSI","RSI"];0;45.1775;45.1775;8.04482173;8.04482173;371.49;371.49;363.44517827;0.0000;
"PPR_multiple";"2017-01-01 00:00:00";"2017-08-30 00:00:00";USDT;ETH;60;1;["CCI","RSI","TSI"];0;45.1775;45.1775;8.04482173;8.04482173;371.49;371.49;363.44517827;0.0000;
"PPR_multiple";"2017-01-01 00:00:00";"2017-08-30 00:00:00";USDT;ETH;60;1;["CCI","RSI","UO"];0;45.1775;45.1775;8.04482173;8.04482173;371.49;371.49;363.44517827;0.0000;
"PPR_multiple";"2017-01-01 00:00:00";"2017-08-30 00:00:00";USDT;ETH;60;1;["CCI","TSI","CCI"];4;45.1775;0.9781;8.04482173;8.04482173;371.49;15.91383045;7.86900872;-355.5762;
"PPR_multiple";"2017-01-01 00:00:00";"2017-08-30 00:00:00";USDT;ETH;60;1;["CCI","TSI","DEMA"];0;45.1775;45.1775;8.04482173;8.04482173;371.49;371.49;363.44517827;0.0000;
"PPR_multiple";"2017-01-01 00:00:00";"2017-08-30 00:00:00";USDT;ETH;60;1;["CCI","TSI","MACD"];0;45.1775;45.1775;8.04482173;8.04482173;371.49;371.49;363.44517827;0.0000;
"PPR_multiple";"2017-01-01 00:00:00";"2017-08-30 00:00:00";USDT;ETH;60;1;["CCI","TSI","PPO"];0;45.1775;45.1775;8.04482173;8.04482173;371.49;371.49;363.44517827;0.0000;
"PPR_multiple";"2017-01-01 00:00:00";"2017-08-30 00:00:00";USDT;ETH;60;1;["CCI","TSI","RSI"];0;45.1775;45.1775;8.04482173;8.04482173;371.49;371.49;363.44517827;0.0000;
"PPR_multiple";"2017-01-01 00:00:00";"2017-08-30 00:00:00";USDT;ETH;60;1;["CCI","TSI","TSI"];4;45.1775;0.9781;8.04482173;8.04482173;371.49;15.91383045;7.86900872;-355.5762;
"PPR_multiple";"2017-01-01 00:00:00";"2017-08-30 00:00:00";USDT;ETH;60;1;["CCI","TSI","UO"];0;45.1775;45.1775;8.04482173;8.04482173;371.49;371.49;363.44517827;0.0000;
"PPR_multiple";"2017-01-01 00:00:00";"2017-08-30 00:00:00";USDT;ETH;60;1;["CCI","UO","CCI"];0;45.1775;45.1775;8.04482173;8.04482173;371.49;371.49;363.44517827;0.0000;
"PPR_multiple";"2017-01-01 00:00:00";"2017-08-30 00:00:00";USDT;ETH;60;1;["CCI","UO","DEMA"];0;45.1775;45.1775;8.04482173;8.04482173;371.49;371.49;363.44517827;0.0000;
"PPR_multiple";"2017-01-01 00:00:00";"2017-08-30 00:00:00";USDT;ETH;60;1;["CCI","UO","MACD"];0;45.1775;45.1775;8.04482173;8.04482173;371.49;371.49;363.44517827;0.0000;
"PPR_multiple";"2017-01-01 00:00:00";"2017-08-30 00:00:00";USDT;ETH;60;1;["CCI","UO","PPO"];0;45.1775;45.1775;8.04482173;8.04482173;371.49;371.49;363.44517827;0.0000;
"PPR_multiple";"2017-01-01 00:00:00";"2017-08-30 00:00:00";USDT;ETH;60;1;["CCI","UO","RSI"];0;45.1775;45.1775;8.04482173;8.04482173;371.49;371.49;363.44517827;0.0000;
"PPR_multiple";"2017-01-01 00:00:00";"2017-08-30 00:00:00";USDT;ETH;60;1;["CCI","UO","TSI"];0;45.1775;45.1775;8.04482173;8.04482173;371.49;371.49;363.44517827;0.0000;
"PPR_multiple";"2017-01-01 00:00:00";"2017-08-30 00:00:00";USDT;ETH;60;1;["CCI","UO","UO"];0;45.1775;45.1775;8.04482173;8.04482173;371.49;371.49;363.44517827;0.0000;
"PPR_multiple";"2017-01-01 00:00:00";"2017-08-30 00:00:00";USDT;ETH;60;1;["DEMA","CCI","CCI"];0;45.1775;45.1775;8.04482173;8.04482173;371.49;371.49;363.44517827;0.0000;
"PPR_multiple";"2017-01-01 00:00:00";"2017-08-30 00:00:00";USDT;ETH;60;1;["DEMA","CCI","DEMA"];0;45.1775;45.1775;8.04482173;8.04482173;371.49;371.49;363.44517827;0.0000;
"PPR_multiple";"2017-01-01 00:00:00";"2017-08-30 00:00:00";USDT;ETH;60;1;["DEMA","CCI","MACD"];0;45.1775;45.1775;8.04482173;8.04482173;371.49;371.49;363.44517827;0.0000;
"PPR_multiple";"2017-01-01 00:00:00";"2017-08-30 00:00:00";USDT;ETH;60;1;["DEMA","CCI","PPO"];0;45.1775;45.1775;8.04482173;8.04482173;371.49;371.49;363.44517827;0.0000;
"PPR_multiple";"2017-01-01 00:00:00";"2017-08-30 00:00:00";USDT;ETH;60;1;["DEMA","CCI","RSI"];0;45.1775;45.1775;8.04482173;8.04482173;371.49;371.49;363.44517827;0.0000;
"PPR_multiple";"2017-01-01 00:00:00";"2017-08-30 00:00:00";USDT;ETH;60;1;["DEMA","CCI","TSI"];0;45.1775;45.1775;8.04482173;8.04482173;371.49;371.49;363.44517827;0.0000;
"PPR_multiple";"2017-01-01 00:00:00";"2017-08-30 00:00:00";USDT;ETH;60;1;["DEMA","CCI","UO"];0;45.1775;45.1775;8.04482173;8.04482173;371.49;371.49;363.44517827;0.0000;
"PPR_multiple";"2017-01-01 00:00:00";"2017-08-30 00:00:00";USDT;ETH;60;1;["DEMA","DEMA","CCI"];0;45.1775;45.1775;8.04482173;8.04482173;371.49;371.49;363.44517827;0.0000;
"PPR_multiple";"2017-01-01 00:00:00";"2017-08-30 00:00:00";USDT;ETH;60;1;["DEMA","DEMA","DEMA"];111;45.1775;25.4449;8.04482173;8.04482173;371.49;212.7441316455;204.6993099155;-158.7459;
"PPR_multiple";"2017-01-01 00:00:00";"2017-08-30 00:00:00";USDT;ETH;60;1;["DEMA","DEMA","MACD"];55;45.1775;36.4394;8.04482173;8.04482173;371.49;301.1933522241;293.1485304941;-70.2966;
"PPR_multiple";"2017-01-01 00:00:00";"2017-08-30 00:00:00";USDT;ETH;60;1;["DEMA","DEMA","PPO"];85;45.1775;26.1628;8.04482173;8.04482173;371.49;218.52007674;210.47525501;-152.9699;
"PPR_multiple";"2017-01-01 00:00:00";"2017-08-30 00:00:00";USDT;ETH;60;1;["DEMA","DEMA","RSI"];0;45.1775;45.1775;8.04482173;8.04482173;371.49;371.49;363.44517827;0.0000;
"PPR_multiple";"2017-01-01 00:00:00";"2017-08-30 00:00:00";USDT;ETH;60;1;["DEMA","DEMA","TSI"];0;45.1775;45.1775;8.04482173;8.04482173;371.49;371.49;363.44517827;0.0000;
"PPR_multiple";"2017-01-01 00:00:00";"2017-08-30 00:00:00";USDT;ETH;60;1;["DEMA","DEMA","UO"];0;45.1775;45.1775;8.04482173;8.04482173;371.49;371.49;363.44517827;0.0000;
"PPR_multiple";"2017-01-01 00:00:00";"2017-08-30 00:00:00";USDT;ETH;60;1;["DEMA","MACD","CCI"];0;45.1775;45.1775;8.04482173;8.04482173;371.49;371.49;363.44517827;0.0000;
"PPR_multiple";"2017-01-01 00:00:00";"2017-08-30 00:00:00";USDT;ETH;60;1;["DEMA","MACD","DEMA"];55;45.1775;36.4394;8.04482173;8.04482173;371.49;301.1933522241;293.1485304941;-70.2966;
"PPR_multiple";"2017-01-01 00:00:00";"2017-08-30 00:00:00";USDT;ETH;60;1;["DEMA","MACD","MACD"];55;45.1775;36.4394;8.04482173;8.04482173;371.49;301.1933522241;293.1485304941;-70.2966;
"PPR_multiple";"2017-01-01 00:00:00";"2017-08-30 00:00:00";USDT;ETH;60;1;["DEMA","MACD","PPO"];55;45.1775;36.4394;8.04482173;8.04482173;371.49;301.1933522241;293.1485304941;-70.2966;
"PPR_multiple";"2017-01-01 00:00:00";"2017-08-30 00:00:00";USDT;ETH;60;1;["DEMA","MACD","RSI"];0;45.1775;45.1775;8.04482173;8.04482173;371.49;371.49;363.44517827;0.0000;
"PPR_multiple";"2017-01-01 00:00:00";"2017-08-30 00:00:00";USDT;ETH;60;1;["DEMA","MACD","TSI"];0;45.1775;45.1775;8.04482173;8.04482173;371.49;371.49;363.44517827;0.0000;
"PPR_multiple";"2017-01-01 00:00:00";"2017-08-30 00:00:00";USDT;ETH;60;1;["DEMA","MACD","UO"];0;45.1775;45.1775;8.04482173;8.04482173;371.49;371.49;363.44517827;0.0000;
"PPR_multiple";"2017-01-01 00:00:00";"2017-08-30 00:00:00";USDT;ETH;60;1;["DEMA","PPO","CCI"];0;45.1775;45.1775;8.04482173;8.04482173;371.49;371.49;363.44517827;0.0000;
"PPR_multiple";"2017-01-01 00:00:00";"2017-08-30 00:00:00";USDT;ETH;60;1;["DEMA","PPO","DEMA"];85;45.1775;26.1628;8.04482173;8.04482173;371.49;218.52007674;210.47525501;-152.9699;
"PPR_multiple";"2017-01-01 00:00:00";"2017-08-30 00:00:00";USDT;ETH;60;1;["DEMA","PPO","MACD"];55;45.1775;36.4394;8.04482173;8.04482173;371.49;301.1933522241;293.1485304941;-70.2966;
"PPR_multiple";"2017-01-01 00:00:00";"2017-08-30 00:00:00";USDT;ETH;60;1;["DEMA","PPO","PPO"];85;45.1775;26.1628;8.04482173;8.04482173;371.49;218.52007674;210.47525501;-152.9699;
"PPR_multiple";"2017-01-01 00:00:00";"2017-08-30 00:00:00";USDT;ETH;60;1;["DEMA","PPO","RSI"];0;45.1775;45.1775;8.04482173;8.04482173;371.49;371.49;363.44517827;0.0000;
"PPR_multiple";"2017-01-01 00:00:00";"2017-08-30 00:00:00";USDT;ETH;60;1;["DEMA","PPO","TSI"];0;45.1775;45.1775;8.04482173;8.04482173;371.49;371.49;363.44517827;0.0000;
"PPR_multiple";"2017-01-01 00:00:00";"2017-08-30 00:00:00";USDT;ETH;60;1;["DEMA","PPO","UO"];0;45.1775;45.1775;8.04482173;8.04482173;371.49;371.49;363.44517827;0.0000;
"PPR_multiple";"2017-01-01 00:00:00";"2017-08-30 00:00:00";USDT;ETH;60;1;["DEMA","RSI","CCI"];0;45.1775;45.1775;8.04482173;8.04482173;371.49;371.49;363.44517827;0.0000;
"PPR_multiple";"2017-01-01 00:00:00";"2017-08-30 00:00:00";USDT;ETH;60;1;["DEMA","RSI","DEMA"];0;45.1775;45.1775;8.04482173;8.04482173;371.49;371.49;363.44517827;0.0000;
"PPR_multiple";"2017-01-01 00:00:00";"2017-08-30 00:00:00";USDT;ETH;60;1;["DEMA","RSI","MACD"];0;45.1775;45.1775;8.04482173;8.04482173;371.49;371.49;363.44517827;0.0000;
"PPR_multiple";"2017-01-01 00:00:00";"2017-08-30 00:00:00";USDT;ETH;60;1;["DEMA","RSI","PPO"];0;45.1775;45.1775;8.04482173;8.04482173;371.49;371.49;363.44517827;0.0000;
"PPR_multiple";"2017-01-01 00:00:00";"2017-08-30 00:00:00";USDT;ETH;60;1;["DEMA","RSI","RSI"];0;45.1775;45.1775;8.04482173;8.04482173;371.49;371.49;363.44517827;0.0000;
"PPR_multiple";"2017-01-01 00:00:00";"2017-08-30 00:00:00";USDT;ETH;60;1;["DEMA","RSI","TSI"];0;45.1775;45.1775;8.04482173;8.04482173;371.49;371.49;363.44517827;0.0000;
"PPR_multiple";"2017-01-01 00:00:00";"2017-08-30 00:00:00";USDT;ETH;60;1;["DEMA","RSI","UO"];0;45.1775;45.1775;8.04482173;8.04482173;371.49;371.49;363.44517827;0.0000;
"PPR_multiple";"2017-01-01 00:00:00";"2017-08-30 00:00:00";USDT;ETH;60;1;["DEMA","TSI","CCI"];0;45.1775;45.1775;8.04482173;8.04482173;371.49;371.49;363.44517827;0.0000;
"PPR_multiple";"2017-01-01 00:00:00";"2017-08-30 00:00:00";USDT;ETH;60;1;["DEMA","TSI","DEMA"];0;45.1775;45.1775;8.04482173;8.04482173;371.49;371.49;363.44517827;0.0000;
"PPR_multiple";"2017-01-01 00:00:00";"2017-08-30 00:00:00";USDT;ETH;60;1;["DEMA","TSI","MACD"];0;45.1775;45.1775;8.04482173;8.04482173;371.49;371.49;363.44517827;0.0000;
"PPR_multiple";"2017-01-01 00:00:00";"2017-08-30 00:00:00";USDT;ETH;60;1;["DEMA","TSI","PPO"];0;45.1775;45.1775;8.04482173;8.04482173;371.49;371.49;363.44517827;0.0000;
"PPR_multiple";"2017-01-01 00:00:00";"2017-08-30 00:00:00";USDT;ETH;60;1;["DEMA","TSI","RSI"];0;45.1775;45.1775;8.04482173;8.04482173;371.49;371.49;363.44517827;0.0000;
"PPR_multiple";"2017-01-01 00:00:00";"2017-08-30 00:00:00";USDT;ETH;60;1;["DEMA","TSI","TSI"];0;45.1775;45.1775;8.04482173;8.04482173;371.49;371.49;363.44517827;0.0000;
"PPR_multiple";"2017-01-01 00:00:00";"2017-08-30 00:00:00";USDT;ETH;60;1;["DEMA","TSI","UO"];0;45.1775;45.1775;8.04482173;8.04482173;371.49;371.49;363.44517827;0.0000;
"PPR_multiple";"2017-01-01 00:00:00";"2017-08-30 00:00:00";USDT;ETH;60;1;["DEMA","UO","CCI"];0;45.1775;45.1775;8.04482173;8.04482173;371.49;371.49;363.44517827;0.0000;
"PPR_multiple";"2017-01-01 00:00:00";"2017-08-30 00:00:00";USDT;ETH;60;1;["DEMA","UO","DEMA"];0;45.1775;45.1775;8.04482173;8.04482173;371.49;371.49;363.44517827;0.0000;
"PPR_multiple";"2017-01-01 00:00:00";"2017-08-30 00:00:00";USDT;ETH;60;1;["DEMA","UO","MACD"];0;45.1775;45.1775;8.04482173;8.04482173;371.49;371.49;363.44517827;0.0000;
"PPR_multiple";"2017-01-01 00:00:00";"2017-08-30 00:00:00";USDT;ETH;60;1;["DEMA","UO","PPO"];0;45.1775;45.1775;8.04482173;8.04482173;371.49;371.49;363.44517827;0.0000;
"PPR_multiple";"2017-01-01 00:00:00";"2017-08-30 00:00:00";USDT;ETH;60;1;["DEMA","UO","RSI"];0;45.1775;45.1775;8.04482173;8.04482173;371.49;371.49;363.44517827;0.0000;
"PPR_multiple";"2017-01-01 00:00:00";"2017-08-30 00:00:00";USDT;ETH;60;1;["DEMA","UO","TSI"];0;45.1775;45.1775;8.04482173;8.04482173;371.49;371.49;363.44517827;0.0000;
"PPR_multiple";"2017-01-01 00:00:00";"2017-08-30 00:00:00";USDT;ETH;60;1;["DEMA","UO","UO"];0;45.1775;45.1775;8.04482173;8.04482173;371.49;371.49;363.44517827;0.0000;
"PPR_multiple";"2017-01-01 00:00:00";"2017-08-30 00:00:00";USDT;ETH;60;1;["MACD","CCI","CCI"];0;45.1775;45.1775;8.04482173;8.04482173;371.49;371.49;363.44517827;0.0000;
"PPR_multiple";"2017-01-01 00:00:00";"2017-08-30 00:00:00";USDT;ETH;60;1;["MACD","CCI","DEMA"];0;45.1775;45.1775;8.04482173;8.04482173;371.49;371.49;363.44517827;0.0000;
"PPR_multiple";"2017-01-01 00:00:00";"2017-08-30 00:00:00";USDT;ETH;60;1;["MACD","CCI","MACD"];0;45.1775;45.1775;8.04482173;8.04482173;371.49;371.49;363.44517827;0.0000;
"PPR_multiple";"2017-01-01 00:00:00";"2017-08-30 00:00:00";USDT;ETH;60;1;["MACD","CCI","PPO"];0;45.1775;45.1775;8.04482173;8.04482173;371.49;371.49;363.44517827;0.0000;
"PPR_multiple";"2017-01-01 00:00:00";"2017-08-30 00:00:00";USDT;ETH;60;1;["MACD","CCI","RSI"];0;45.1775;45.1775;8.04482173;8.04482173;371.49;371.49;363.44517827;0.0000;
"PPR_multiple";"2017-01-01 00:00:00";"2017-08-30 00:00:00";USDT;ETH;60;1;["MACD","CCI","TSI"];0;45.1775;45.1775;8.04482173;8.04482173;371.49;371.49;363.44517827;0.0000;
"PPR_multiple";"2017-01-01 00:00:00";"2017-08-30 00:00:00";USDT;ETH;60;1;["MACD","CCI","UO"];0;45.1775;45.1775;8.04482173;8.04482173;371.49;371.49;363.44517827;0.0000;
"PPR_multiple";"2017-01-01 00:00:00";"2017-08-30 00:00:00";USDT;ETH;60;1;["MACD","DEMA","CCI"];0;45.1775;45.1775;8.04482173;8.04482173;371.49;371.49;363.44517827;0.0000;
"PPR_multiple";"2017-01-01 00:00:00";"2017-08-30 00:00:00";USDT;ETH;60;1;["MACD","DEMA","DEMA"];55;45.1775;36.4394;8.04482173;8.04482173;371.49;301.1933522241;293.1485304941;-70.2966;
"PPR_multiple";"2017-01-01 00:00:00";"2017-08-30 00:00:00";USDT;ETH;60;1;["MACD","DEMA","MACD"];55;45.1775;36.4394;8.04482173;8.04482173;371.49;301.1933522241;293.1485304941;-70.2966;
"PPR_multiple";"2017-01-01 00:00:00";"2017-08-30 00:00:00";USDT;ETH;60;1;["MACD","DEMA","PPO"];55;45.1775;36.4394;8.04482173;8.04482173;371.49;301.1933522241;293.1485304941;-70.2966;
"PPR_multiple";"2017-01-01 00:00:00";"2017-08-30 00:00:00";USDT;ETH;60;1;["MACD","DEMA","RSI"];0;45.1775;45.1775;8.04482173;8.04482173;371.49;371.49;363.44517827;0.0000;
"PPR_multiple";"2017-01-01 00:00:00";"2017-08-30 00:00:00";USDT;ETH;60;1;["MACD","DEMA","TSI"];0;45.1775;45.1775;8.04482173;8.04482173;371.49;371.49;363.44517827;0.0000;
"PPR_multiple";"2017-01-01 00:00:00";"2017-08-30 00:00:00";USDT;ETH;60;1;["MACD","DEMA","UO"];0;45.1775;45.1775;8.04482173;8.04482173;371.49;371.49;363.44517827;0.0000;
"PPR_multiple";"2017-01-01 00:00:00";"2017-08-30 00:00:00";USDT;ETH;60;1;["MACD","MACD","CCI"];0;45.1775;45.1775;8.04482173;8.04482173;371.49;371.49;363.44517827;0.0000;
"PPR_multiple";"2017-01-01 00:00:00";"2017-08-30 00:00:00";USDT;ETH;60;1;["MACD","MACD","DEMA"];55;45.1775;36.4394;8.04482173;8.04482173;371.49;301.1933522241;293.1485304941;-70.2966;
"PPR_multiple";"2017-01-01 00:00:00";"2017-08-30 00:00:00";USDT;ETH;60;1;["MACD","MACD","MACD"];117;45.1775;33.9521;8.04482173;8.04482173;371.49;281.1830247996;273.13820306959997;-90.3070;
"PPR_multiple";"2017-01-01 00:00:00";"2017-08-30 00:00:00";USDT;ETH;60;1;["MACD","MACD","PPO"];109;45.1775;40.9737;8.04482173;8.04482173;371.49;337.6709100534;329.6260883234;-33.8191;
"PPR_multiple";"2017-01-01 00:00:00";"2017-08-30 00:00:00";USDT;ETH;60;1;["MACD","MACD","RSI"];0;45.1775;45.1775;8.04482173;8.04482173;371.49;371.49;363.44517827;0.0000;
"PPR_multiple";"2017-01-01 00:00:00";"2017-08-30 00:00:00";USDT;ETH;60;1;["MACD","MACD","TSI"];0;45.1775;45.1775;8.04482173;8.04482173;371.49;371.49;363.44517827;0.0000;
"PPR_multiple";"2017-01-01 00:00:00";"2017-08-30 00:00:00";USDT;ETH;60;1;["MACD","MACD","UO"];0;45.1775;45.1775;8.04482173;8.04482173;371.49;371.49;363.44517827;0.0000;
"PPR_multiple";"2017-01-01 00:00:00";"2017-08-30 00:00:00";USDT;ETH;60;1;["MACD","PPO","CCI"];0;45.1775;45.1775;8.04482173;8.04482173;371.49;371.49;363.44517827;0.0000;
"PPR_multiple";"2017-01-01 00:00:00";"2017-08-30 00:00:00";USDT;ETH;60;1;["MACD","PPO","DEMA"];55;45.1775;36.4394;8.04482173;8.04482173;371.49;301.1933522241;293.1485304941;-70.2966;
"PPR_multiple";"2017-01-01 00:00:00";"2017-08-30 00:00:00";USDT;ETH;60;1;["MACD","PPO","MACD"];109;45.1775;40.9737;8.04482173;8.04482173;371.49;337.6709100534;329.6260883234;-33.8191;
"PPR_multiple";"2017-01-01 00:00:00";"2017-08-30 00:00:00";USDT;ETH;60;1;["MACD","PPO","PPO"];109;45.1775;40.9737;8.04482173;8.04482173;371.49;337.6709100534;329.6260883234;-33.8191;
"PPR_multiple";"2017-01-01 00:00:00";"2017-08-30 00:00:00";USDT;ETH;60;1;["MACD","PPO","RSI"];0;45.1775;45.1775;8.04482173;8.04482173;371.49;371.49;363.44517827;0.0000;
"PPR_multiple";"2017-01-01 00:00:00";"2017-08-30 00:00:00";USDT;ETH;60;1;["MACD","PPO","TSI"];0;45.1775;45.1775;8.04482173;8.04482173;371.49;371.49;363.44517827;0.0000;
"PPR_multiple";"2017-01-01 00:00:00";"2017-08-30 00:00:00";USDT;ETH;60;1;["MACD","PPO","UO"];0;45.1775;45.1775;8.04482173;8.04482173;371.49;371.49;363.44517827;0.0000;
"PPR_multiple";"2017-01-01 00:00:00";"2017-08-30 00:00:00";USDT;ETH;60;1;["MACD","RSI","CCI"];0;45.1775;45.1775;8.04482173;8.04482173;371.49;371.49;363.44517827;0.0000;
"PPR_multiple";"2017-01-01 00:00:00";"2017-08-30 00:00:00";USDT;ETH;60;1;["MACD","RSI","DEMA"];0;45.1775;45.1775;8.04482173;8.04482173;371.49;371.49;363.44517827;0.0000;
"PPR_multiple";"2017-01-01 00:00:00";"2017-08-30 00:00:00";USDT;ETH;60;1;["MACD","RSI","MACD"];0;45.1775;45.1775;8.04482173;8.04482173;371.49;371.49;363.44517827;0.0000;
"PPR_multiple";"2017-01-01 00:00:00";"2017-08-30 00:00:00";USDT;ETH;60;1;["MACD","RSI","PPO"];0;45.1775;45.1775;8.04482173;8.04482173;371.49;371.49;363.44517827;0.0000;
"PPR_multiple";"2017-01-01 00:00:00";"2017-08-30 00:00:00";USDT;ETH;60;1;["MACD","RSI","RSI"];0;45.1775;45.1775;8.04482173;8.04482173;371.49;371.49;363.44517827;0.0000;
"PPR_multiple";"2017-01-01 00:00:00";"2017-08-30 00:00:00";USDT;ETH;60;1;["MACD","RSI","TSI"];0;45.1775;45.1775;8.04482173;8.04482173;371.49;371.49;363.44517827;0.0000;
"PPR_multiple";"2017-01-01 00:00:00";"2017-08-30 00:00:00";USDT;ETH;60;1;["MACD","RSI","UO"];0;45.1775;45.1775;8.04482173;8.04482173;371.49;371.49;363.44517827;0.0000;
"PPR_multiple";"2017-01-01 00:00:00";"2017-08-30 00:00:00";USDT;ETH;60;1;["MACD","TSI","CCI"];0;45.1775;45.1775;8.04482173;8.04482173;371.49;371.49;363.44517827;0.0000;
"PPR_multiple";"2017-01-01 00:00:00";"2017-08-30 00:00:00";USDT;ETH;60;1;["MACD","TSI","DEMA"];0;45.1775;45.1775;8.04482173;8.04482173;371.49;371.49;363.44517827;0.0000;
"PPR_multiple";"2017-01-01 00:00:00";"2017-08-30 00:00:00";USDT;ETH;60;1;["MACD","TSI","MACD"];0;45.1775;45.1775;8.04482173;8.04482173;371.49;371.49;363.44517827;0.0000;
"PPR_multiple";"2017-01-01 00:00:00";"2017-08-30 00:00:00";USDT;ETH;60;1;["MACD","TSI","PPO"];0;45.1775;45.1775;8.04482173;8.04482173;371.49;371.49;363.44517827;0.0000;
"PPR_multiple";"2017-01-01 00:00:00";"2017-08-30 00:00:00";USDT;ETH;60;1;["MACD","TSI","RSI"];0;45.1775;45.1775;8.04482173;8.04482173;371.49;371.49;363.44517827;0.0000;
"PPR_multiple";"2017-01-01 00:00:00";"2017-08-30 00:00:00";USDT;ETH;60;1;["MACD","TSI","TSI"];0;45.1775;45.1775;8.04482173;8.04482173;371.49;371.49;363.44517827;0.0000;
"PPR_multiple";"2017-01-01 00:00:00";"2017-08-30 00:00:00";USDT;ETH;60;1;["MACD","TSI","UO"];0;45.1775;45.1775;8.04482173;8.04482173;371.49;371.49;363.44517827;0.0000;
"PPR_multiple";"2017-01-01 00:00:00";"2017-08-30 00:00:00";USDT;ETH;60;1;["MACD","UO","CCI"];0;45.1775;45.1775;8.04482173;8.04482173;371.49;371.49;363.44517827;0.0000;
"PPR_multiple";"2017-01-01 00:00:00";"2017-08-30 00:00:00";USDT;ETH;60;1;["MACD","UO","DEMA"];0;45.1775;45.1775;8.04482173;8.04482173;371.49;371.49;363.44517827;0.0000;
"PPR_multiple";"2017-01-01 00:00:00";"2017-08-30 00:00:00";USDT;ETH;60;1;["MACD","UO","MACD"];0;45.1775;45.1775;8.04482173;8.04482173;371.49;371.49;363.44517827;0.0000;
"PPR_multiple";"2017-01-01 00:00:00";"2017-08-30 00:00:00";USDT;ETH;60;1;["MACD","UO","PPO"];0;45.1775;45.1775;8.04482173;8.04482173;371.49;371.49;363.44517827;0.0000;
"PPR_multiple";"2017-01-01 00:00:00";"2017-08-30 00:00:00";USDT;ETH;60;1;["MACD","UO","RSI"];0;45.1775;45.1775;8.04482173;8.04482173;371.49;371.49;363.44517827;0.0000;
"PPR_multiple";"2017-01-01 00:00:00";"2017-08-30 00:00:00";USDT;ETH;60;1;["MACD","UO","TSI"];0;45.1775;45.1775;8.04482173;8.04482173;371.49;371.49;363.44517827;0.0000;
"PPR_multiple";"2017-01-01 00:00:00";"2017-08-30 00:00:00";USDT;ETH;60;1;["MACD","UO","UO"];0;45.1775;45.1775;8.04482173;8.04482173;371.49;371.49;363.44517827;0.0000;
"PPR_multiple";"2017-01-01 00:00:00";"2017-08-30 00:00:00";USDT;ETH;60;1;["PPO","CCI","CCI"];0;45.1775;45.1775;8.04482173;8.04482173;371.49;371.49;363.44517827;0.0000;
"PPR_multiple";"2017-01-01 00:00:00";"2017-08-30 00:00:00";USDT;ETH;60;1;["PPO","CCI","DEMA"];0;45.1775;45.1775;8.04482173;8.04482173;371.49;371.49;363.44517827;0.0000;
"PPR_multiple";"2017-01-01 00:00:00";"2017-08-30 00:00:00";USDT;ETH;60;1;["PPO","CCI","MACD"];0;45.1775;45.1775;8.04482173;8.04482173;371.49;371.49;363.44517827;0.0000;
"PPR_multiple";"2017-01-01 00:00:00";"2017-08-30 00:00:00";USDT;ETH;60;1;["PPO","CCI","PPO"];0;45.1775;45.1775;8.04482173;8.04482173;371.49;371.49;363.44517827;0.0000;
"PPR_multiple";"2017-01-01 00:00:00";"2017-08-30 00:00:00";USDT;ETH;60;1;["PPO","CCI","RSI"];0;45.1775;45.1775;8.04482173;8.04482173;371.49;371.49;363.44517827;0.0000;
"PPR_multiple";"2017-01-01 00:00:00";"2017-08-30 00:00:00";USDT;ETH;60;1;["PPO","CCI","TSI"];0;45.1775;45.1775;8.04482173;8.04482173;371.49;371.49;363.44517827;0.0000;
"PPR_multiple";"2017-01-01 00:00:00";"2017-08-30 00:00:00";USDT;ETH;60;1;["PPO","CCI","UO"];0;45.1775;45.1775;8.04482173;8.04482173;371.49;371.49;363.44517827;0.0000;
"PPR_multiple";"2017-01-01 00:00:00";"2017-08-30 00:00:00";USDT;ETH;60;1;["PPO","DEMA","CCI"];0;45.1775;45.1775;8.04482173;8.04482173;371.49;371.49;363.44517827;0.0000;
"PPR_multiple";"2017-01-01 00:00:00";"2017-08-30 00:00:00";USDT;ETH;60;1;["PPO","DEMA","DEMA"];85;45.1775;26.1628;8.04482173;8.04482173;371.49;218.52007674;210.47525501;-152.9699;
"PPR_multiple";"2017-01-01 00:00:00";"2017-08-30 00:00:00";USDT;ETH;60;1;["PPO","DEMA","MACD"];55;45.1775;36.4394;8.04482173;8.04482173;371.49;301.1933522241;293.1485304941;-70.2966;
"PPR_multiple";"2017-01-01 00:00:00";"2017-08-30 00:00:00";USDT;ETH;60;1;["PPO","DEMA","PPO"];85;45.1775;26.1628;8.04482173;8.04482173;371.49;218.52007674;210.47525501;-152.9699;
"PPR_multiple";"2017-01-01 00:00:00";"2017-08-30 00:00:00";USDT;ETH;60;1;["PPO","DEMA","RSI"];0;45.1775;45.1775;8.04482173;8.04482173;371.49;371.49;363.44517827;0.0000;
"PPR_multiple";"2017-01-01 00:00:00";"2017-08-30 00:00:00";USDT;ETH;60;1;["PPO","DEMA","TSI"];0;45.1775;45.1775;8.04482173;8.04482173;371.49;371.49;363.44517827;0.0000;
"PPR_multiple";"2017-01-01 00:00:00";"2017-08-30 00:00:00";USDT;ETH;60;1;["PPO","DEMA","UO"];0;45.1775;45.1775;8.04482173;8.04482173;371.49;371.49;363.44517827;0.0000;
"PPR_multiple";"2017-01-01 00:00:00";"2017-08-30 00:00:00";USDT;ETH;60;1;["PPO","MACD","CCI"];0;45.1775;45.1775;8.04482173;8.04482173;371.49;371.49;363.44517827;0.0000;
"PPR_multiple";"2017-01-01 00:00:00";"2017-08-30 00:00:00";USDT;ETH;60;1;["PPO","MACD","DEMA"];55;45.1775;36.4394;8.04482173;8.04482173;371.49;301.1933522241;293.1485304941;-70.2966;
"PPR_multiple";"2017-01-01 00:00:00";"2017-08-30 00:00:00";USDT;ETH;60;1;["PPO","MACD","MACD"];109;45.1775;40.9737;8.04482173;8.04482173;371.49;337.6709100534;329.6260883234;-33.8191;
"PPR_multiple";"2017-01-01 00:00:00";"2017-08-30 00:00:00";USDT;ETH;60;1;["PPO","MACD","PPO"];109;45.1775;40.9737;8.04482173;8.04482173;371.49;337.6709100534;329.6260883234;-33.8191;
"PPR_multiple";"2017-01-01 00:00:00";"2017-08-30 00:00:00";USDT;ETH;60;1;["PPO","MACD","RSI"];0;45.1775;45.1775;8.04482173;8.04482173;371.49;371.49;363.44517827;0.0000;
"PPR_multiple";"2017-01-01 00:00:00";"2017-08-30 00:00:00";USDT;ETH;60;1;["PPO","MACD","TSI"];0;45.1775;45.1775;8.04482173;8.04482173;371.49;371.49;363.44517827;0.0000;
"PPR_multiple";"2017-01-01 00:00:00";"2017-08-30 00:00:00";USDT;ETH;60;1;["PPO","MACD","UO"];0;45.1775;45.1775;8.04482173;8.04482173;371.49;371.49;363.44517827;0.0000;
"PPR_multiple";"2017-01-01 00:00:00";"2017-08-30 00:00:00";USDT;ETH;60;1;["PPO","PPO","CCI"];0;45.1775;45.1775;8.04482173;8.04482173;371.49;371.49;363.44517827;0.0000;
"PPR_multiple";"2017-01-01 00:00:00";"2017-08-30 00:00:00";USDT;ETH;60;1;["PPO","PPO","DEMA"];85;45.1775;26.1628;8.04482173;8.04482173;371.49;218.52007674;210.47525501;-152.9699;
"PPR_multiple";"2017-01-01 00:00:00";"2017-08-30 00:00:00";USDT;ETH;60;1;["PPO","PPO","MACD"];109;45.1775;40.9737;8.04482173;8.04482173;371.49;337.6709100534;329.6260883234;-33.8191;
"PPR_multiple";"2017-01-01 00:00:00";"2017-08-30 00:00:00";USDT;ETH;60;1;["PPO","PPO","PPO"];155;45.1775;20.1229;8.04482173;8.04482173;371.49;169.93035864840002;161.88553691840002;-201.5596;
"PPR_multiple";"2017-01-01 00:00:00";"2017-08-30 00:00:00";USDT;ETH;60;1;["PPO","PPO","RSI"];0;45.1775;45.1775;8.04482173;8.04482173;371.49;371.49;363.44517827;0.0000;
"PPR_multiple";"2017-01-01 00:00:00";"2017-08-30 00:00:00";USDT;ETH;60;1;["PPO","PPO","TSI"];0;45.1775;45.1775;8.04482173;8.04482173;371.49;371.49;363.44517827;0.0000;
"PPR_multiple";"2017-01-01 00:00:00";"2017-08-30 00:00:00";USDT;ETH;60;1;["PPO","PPO","UO"];0;45.1775;45.1775;8.04482173;8.04482173;371.49;371.49;363.44517827;0.0000;
"PPR_multiple";"2017-01-01 00:00:00";"2017-08-30 00:00:00";USDT;ETH;60;1;["PPO","RSI","CCI"];0;45.1775;45.1775;8.04482173;8.04482173;371.49;371.49;363.44517827;0.0000;
"PPR_multiple";"2017-01-01 00:00:00";"2017-08-30 00:00:00";USDT;ETH;60;1;["PPO","RSI","DEMA"];0;45.1775;45.1775;8.04482173;8.04482173;371.49;371.49;363.44517827;0.0000;
"PPR_multiple";"2017-01-01 00:00:00";"2017-08-30 00:00:00";USDT;ETH;60;1;["PPO","RSI","MACD"];0;45.1775;45.1775;8.04482173;8.04482173;371.49;371.49;363.44517827;0.0000;
"PPR_multiple";"2017-01-01 00:00:00";"2017-08-30 00:00:00";USDT;ETH;60;1;["PPO","RSI","PPO"];0;45.1775;45.1775;8.04482173;8.04482173;371.49;371.49;363.44517827;0.0000;
"PPR_multiple";"2017-01-01 00:00:00";"2017-08-30 00:00:00";USDT;ETH;60;1;["PPO","RSI","RSI"];0;45.1775;45.1775;8.04482173;8.04482173;371.49;371.49;363.44517827;0.0000;
"PPR_multiple";"2017-01-01 00:00:00";"2017-08-30 00:00:00";USDT;ETH;60;1;["PPO","RSI","TSI"];0;45.1775;45.1775;8.04482173;8.04482173;371.49;371.49;363.44517827;0.0000;
"PPR_multiple";"2017-01-01 00:00:00";"2017-08-30 00:00:00";USDT;ETH;60;1;["PPO","RSI","UO"];0;45.1775;45.1775;8.04482173;8.04482173;371.49;371.49;363.44517827;0.0000;
"PPR_multiple";"2017-01-01 00:00:00";"2017-08-30 00:00:00";USDT;ETH;60;1;["PPO","TSI","CCI"];0;45.1775;45.1775;8.04482173;8.04482173;371.49;371.49;363.44517827;0.0000;
"PPR_multiple";"2017-01-01 00:00:00";"2017-08-30 00:00:00";USDT;ETH;60;1;["PPO","TSI","DEMA"];0;45.1775;45.1775;8.04482173;8.04482173;371.49;371.49;363.44517827;0.0000;
"PPR_multiple";"2017-01-01 00:00:00";"2017-08-30 00:00:00";USDT;ETH;60;1;["PPO","TSI","MACD"];0;45.1775;45.1775;8.04482173;8.04482173;371.49;371.49;363.44517827;0.0000;
"PPR_multiple";"2017-01-01 00:00:00";"2017-08-30 00:00:00";USDT;ETH;60;1;["PPO","TSI","PPO"];0;45.1775;45.1775;8.04482173;8.04482173;371.49;371.49;363.44517827;0.0000;
"PPR_multiple";"2017-01-01 00:00:00";"2017-08-30 00:00:00";USDT;ETH;60;1;["PPO","TSI","RSI"];0;45.1775;45.1775;8.04482173;8.04482173;371.49;371.49;363.44517827;0.0000;
"PPR_multiple";"2017-01-01 00:00:00";"2017-08-30 00:00:00";USDT;ETH;60;1;["PPO","TSI","TSI"];0;45.1775;45.1775;8.04482173;8.04482173;371.49;371.49;363.44517827;0.0000;
"PPR_multiple";"2017-01-01 00:00:00";"2017-08-30 00:00:00";USDT;ETH;60;1;["PPO","TSI","UO"];0;45.1775;45.1775;8.04482173;8.04482173;371.49;371.49;363.44517827;0.0000;
"PPR_multiple";"2017-01-01 00:00:00";"2017-08-30 00:00:00";USDT;ETH;60;1;["PPO","UO","CCI"];0;45.1775;45.1775;8.04482173;8.04482173;371.49;371.49;363.44517827;0.0000;
"PPR_multiple";"2017-01-01 00:00:00";"2017-08-30 00:00:00";USDT;ETH;60;1;["PPO","UO","DEMA"];0;45.1775;45.1775;8.04482173;8.04482173;371.49;371.49;363.44517827;0.0000;
"PPR_multiple";"2017-01-01 00:00:00";"2017-08-30 00:00:00";USDT;ETH;60;1;["PPO","UO","MACD"];0;45.1775;45.1775;8.04482173;8.04482173;371.49;371.49;363.44517827;0.0000;
"PPR_multiple";"2017-01-01 00:00:00";"2017-08-30 00:00:00";USDT;ETH;60;1;["PPO","UO","PPO"];0;45.1775;45.1775;8.04482173;8.04482173;371.49;371.49;363.44517827;0.0000;
"PPR_multiple";"2017-01-01 00:00:00";"2017-08-30 00:00:00";USDT;ETH;60;1;["PPO","UO","RSI"];0;45.1775;45.1775;8.04482173;8.04482173;371.49;371.49;363.44517827;0.0000;
"PPR_multiple";"2017-01-01 00:00:00";"2017-08-30 00:00:00";USDT;ETH;60;1;["PPO","UO","TSI"];0;45.1775;45.1775;8.04482173;8.04482173;371.49;371.49;363.44517827;0.0000;
"PPR_multiple";"2017-01-01 00:00:00";"2017-08-30 00:00:00";USDT;ETH;60;1;["PPO","UO","UO"];0;45.1775;45.1775;8.04482173;8.04482173;371.49;371.49;363.44517827;0.0000;
"PPR_multiple";"2017-01-01 00:00:00";"2017-08-30 00:00:00";USDT;ETH;60;1;["RSI","CCI","CCI"];0;45.1775;45.1775;8.04482173;8.04482173;371.49;371.49;363.44517827;0.0000;
"PPR_multiple";"2017-01-01 00:00:00";"2017-08-30 00:00:00";USDT;ETH;60;1;["RSI","CCI","DEMA"];0;45.1775;45.1775;8.04482173;8.04482173;371.49;371.49;363.44517827;0.0000;
"PPR_multiple";"2017-01-01 00:00:00";"2017-08-30 00:00:00";USDT;ETH;60;1;["RSI","CCI","MACD"];0;45.1775;45.1775;8.04482173;8.04482173;371.49;371.49;363.44517827;0.0000;
"PPR_multiple";"2017-01-01 00:00:00";"2017-08-30 00:00:00";USDT;ETH;60;1;["RSI","CCI","PPO"];0;45.1775;45.1775;8.04482173;8.04482173;371.49;371.49;363.44517827;0.0000;
"PPR_multiple";"2017-01-01 00:00:00";"2017-08-30 00:00:00";USDT;ETH;60;1;["RSI","CCI","RSI"];0;45.1775;45.1775;8.04482173;8.04482173;371.49;371.49;363.44517827;0.0000;
"PPR_multiple";"2017-01-01 00:00:00";"2017-08-30 00:00:00";USDT;ETH;60;1;["RSI","CCI","TSI"];0;45.1775;45.1775;8.04482173;8.04482173;371.49;371.49;363.44517827;0.0000;
"PPR_multiple";"2017-01-01 00:00:00";"2017-08-30 00:00:00";USDT;ETH;60;1;["RSI","CCI","UO"];0;45.1775;45.1775;8.04482173;8.04482173;371.49;371.49;363.44517827;0.0000;
"PPR_multiple";"2017-01-01 00:00:00";"2017-08-30 00:00:00";USDT;ETH;60;1;["RSI","DEMA","CCI"];0;45.1775;45.1775;8.04482173;8.04482173;371.49;371.49;363.44517827;0.0000;
"PPR_multiple";"2017-01-01 00:00:00";"2017-08-30 00:00:00";USDT;ETH;60;1;["RSI","DEMA","DEMA"];0;45.1775;45.1775;8.04482173;8.04482173;371.49;371.49;363.44517827;0.0000;
"PPR_multiple";"2017-01-01 00:00:00";"2017-08-30 00:00:00";USDT;ETH;60;1;["RSI","DEMA","MACD"];0;45.1775;45.1775;8.04482173;8.04482173;371.49;371.49;363.44517827;0.0000;
"PPR_multiple";"2017-01-01 00:00:00";"2017-08-30 00:00:00";USDT;ETH;60;1;["RSI","DEMA","PPO"];0;45.1775;45.1775;8.04482173;8.04482173;371.49;371.49;363.44517827;0.0000;
"PPR_multiple";"2017-01-01 00:00:00";"2017-08-30 00:00:00";USDT;ETH;60;1;["RSI","DEMA","RSI"];0;45.1775;45.1775;8.04482173;8.04482173;371.49;371.49;363.44517827;0.0000;
"PPR_multiple";"2017-01-01 00:00:00";"2017-08-30 00:00:00";USDT;ETH;60;1;["RSI","DEMA","TSI"];0;45.1775;45.1775;8.04482173;8.04482173;371.49;371.49;363.44517827;0.0000;
"PPR_multiple";"2017-01-01 00:00:00";"2017-08-30 00:00:00";USDT;ETH;60;1;["RSI","DEMA","UO"];0;45.1775;45.1775;8.04482173;8.04482173;371.49;371.49;363.44517827;0.0000;
"PPR_multiple";"2017-01-01 00:00:00";"2017-08-30 00:00:00";USDT;ETH;60;1;["RSI","MACD","CCI"];0;45.1775;45.1775;8.04482173;8.04482173;371.49;371.49;363.44517827;0.0000;
"PPR_multiple";"2017-01-01 00:00:00";"2017-08-30 00:00:00";USDT;ETH;60;1;["RSI","MACD","DEMA"];0;45.1775;45.1775;8.04482173;8.04482173;371.49;371.49;363.44517827;0.0000;
"PPR_multiple";"2017-01-01 00:00:00";"2017-08-30 00:00:00";USDT;ETH;60;1;["RSI","MACD","MACD"];0;45.1775;45.1775;8.04482173;8.04482173;371.49;371.49;363.44517827;0.0000;
"PPR_multiple";"2017-01-01 00:00:00";"2017-08-30 00:00:00";USDT;ETH;60;1;["RSI","MACD","PPO"];0;45.1775;45.1775;8.04482173;8.04482173;371.49;371.49;363.44517827;0.0000;
"PPR_multiple";"2017-01-01 00:00:00";"2017-08-30 00:00:00";USDT;ETH;60;1;["RSI","MACD","RSI"];0;45.1775;45.1775;8.04482173;8.04482173;371.49;371.49;363.44517827;0.0000;
"PPR_multiple";"2017-01-01 00:00:00";"2017-08-30 00:00:00";USDT;ETH;60;1;["RSI","MACD","TSI"];0;45.1775;45.1775;8.04482173;8.04482173;371.49;371.49;363.44517827;0.0000;
"PPR_multiple";"2017-01-01 00:00:00";"2017-08-30 00:00:00";USDT;ETH;60;1;["RSI","MACD","UO"];0;45.1775;45.1775;8.04482173;8.04482173;371.49;371.49;363.44517827;0.0000;
"PPR_multiple";"2017-01-01 00:00:00";"2017-08-30 00:00:00";USDT;ETH;60;1;["RSI","PPO","CCI"];0;45.1775;45.1775;8.04482173;8.04482173;371.49;371.49;363.44517827;0.0000;
"PPR_multiple";"2017-01-01 00:00:00";"2017-08-30 00:00:00";USDT;ETH;60;1;["RSI","PPO","DEMA"];0;45.1775;45.1775;8.04482173;8.04482173;371.49;371.49;363.44517827;0.0000;
"PPR_multiple";"2017-01-01 00:00:00";"2017-08-30 00:00:00";USDT;ETH;60;1;["RSI","PPO","MACD"];0;45.1775;45.1775;8.04482173;8.04482173;371.49;371.49;363.44517827;0.0000;
"PPR_multiple";"2017-01-01 00:00:00";"2017-08-30 00:00:00";USDT;ETH;60;1;["RSI","PPO","PPO"];0;45.1775;45.1775;8.04482173;8.04482173;371.49;371.49;363.44517827;0.0000;
"PPR_multiple";"2017-01-01 00:00:00";"2017-08-30 00:00:00";USDT;ETH;60;1;["RSI","PPO","RSI"];0;45.1775;45.1775;8.04482173;8.04482173;371.49;371.49;363.44517827;0.0000;
"PPR_multiple";"2017-01-01 00:00:00";"2017-08-30 00:00:00";USDT;ETH;60;1;["RSI","PPO","TSI"];0;45.1775;45.1775;8.04482173;8.04482173;371.49;371.49;363.44517827;0.0000;
"PPR_multiple";"2017-01-01 00:00:00";"2017-08-30 00:00:00";USDT;ETH;60;1;["RSI","PPO","UO"];0;45.1775;45.1775;8.04482173;8.04482173;371.49;371.49;363.44517827;0.0000;
"PPR_multiple";"2017-01-01 00:00:00";"2017-08-30 00:00:00";USDT;ETH;60;1;["RSI","RSI","CCI"];0;45.1775;45.1775;8.04482173;8.04482173;371.49;371.49;363.44517827;0.0000;
"PPR_multiple";"2017-01-01 00:00:00";"2017-08-30 00:00:00";USDT;ETH;60;1;["RSI","RSI","DEMA"];0;45.1775;45.1775;8.04482173;8.04482173;371.49;371.49;363.44517827;0.0000;
"PPR_multiple";"2017-01-01 00:00:00";"2017-08-30 00:00:00";USDT;ETH;60;1;["RSI","RSI","MACD"];0;45.1775;45.1775;8.04482173;8.04482173;371.49;371.49;363.44517827;0.0000;
"PPR_multiple";"2017-01-01 00:00:00";"2017-08-30 00:00:00";USDT;ETH;60;1;["RSI","RSI","PPO"];0;45.1775;45.1775;8.04482173;8.04482173;371.49;371.49;363.44517827;0.0000;
"PPR_multiple";"2017-01-01 00:00:00";"2017-08-30 00:00:00";USDT;ETH;60;1;["RSI","RSI","RSI"];4;45.1775;0.4142;8.04482173;8.04482173;371.49;11.37709158;3.3322698499999994;-360.1129;
"PPR_multiple";"2017-01-01 00:00:00";"2017-08-30 00:00:00";USDT;ETH;60;1;["RSI","RSI","TSI"];2;45.1775;30.4784;8.04482173;8.04482173;371.49;253.238;245.19317827;-118.2520;
"PPR_multiple";"2017-01-01 00:00:00";"2017-08-30 00:00:00";USDT;ETH;60;1;["RSI","RSI","UO"];1;45.1775;45.1775;8.04482173;8.04482173;371.49;371.49;363.44517827;0.0000;
"PPR_multiple";"2017-01-01 00:00:00";"2017-08-30 00:00:00";USDT;ETH;60;1;["RSI","TSI","CCI"];0;45.1775;45.1775;8.04482173;8.04482173;371.49;371.49;363.44517827;0.0000;
"PPR_multiple";"2017-01-01 00:00:00";"2017-08-30 00:00:00";USDT;ETH;60;1;["RSI","TSI","DEMA"];0;45.1775;45.1775;8.04482173;8.04482173;371.49;371.49;363.44517827;0.0000;
"PPR_multiple";"2017-01-01 00:00:00";"2017-08-30 00:00:00";USDT;ETH;60;1;["RSI","TSI","MACD"];0;45.1775;45.1775;8.04482173;8.04482173;371.49;371.49;363.44517827;0.0000;
"PPR_multiple";"2017-01-01 00:00:00";"2017-08-30 00:00:00";USDT;ETH;60;1;["RSI","TSI","PPO"];0;45.1775;45.1775;8.04482173;8.04482173;371.49;371.49;363.44517827;0.0000;
"PPR_multiple";"2017-01-01 00:00:00";"2017-08-30 00:00:00";USDT;ETH;60;1;["RSI","TSI","RSI"];2;45.1775;30.4784;8.04482173;8.04482173;371.49;253.238;245.19317827;-118.2520;
"PPR_multiple";"2017-01-01 00:00:00";"2017-08-30 00:00:00";USDT;ETH;60;1;["RSI","TSI","TSI"];2;45.1775;30.4784;8.04482173;8.04482173;371.49;253.238;245.19317827;-118.2520;
"PPR_multiple";"2017-01-01 00:00:00";"2017-08-30 00:00:00";USDT;ETH;60;1;["RSI","TSI","UO"];1;45.1775;45.1775;8.04482173;8.04482173;371.49;371.49;363.44517827;0.0000;
"PPR_multiple";"2017-01-01 00:00:00";"2017-08-30 00:00:00";USDT;ETH;60;1;["RSI","UO","CCI"];0;45.1775;45.1775;8.04482173;8.04482173;371.49;371.49;363.44517827;0.0000;
"PPR_multiple";"2017-01-01 00:00:00";"2017-08-30 00:00:00";USDT;ETH;60;1;["RSI","UO","DEMA"];0;45.1775;45.1775;8.04482173;8.04482173;371.49;371.49;363.44517827;0.0000;
"PPR_multiple";"2017-01-01 00:00:00";"2017-08-30 00:00:00";USDT;ETH;60;1;["RSI","UO","MACD"];0;45.1775;45.1775;8.04482173;8.04482173;371.49;371.49;363.44517827;0.0000;
"PPR_multiple";"2017-01-01 00:00:00";"2017-08-30 00:00:00";USDT;ETH;60;1;["RSI","UO","PPO"];0;45.1775;45.1775;8.04482173;8.04482173;371.49;371.49;363.44517827;0.0000;
"PPR_multiple";"2017-01-01 00:00:00";"2017-08-30 00:00:00";USDT;ETH;60;1;["RSI","UO","RSI"];1;45.1775;45.1775;8.04482173;8.04482173;371.49;371.49;363.44517827;0.0000;
"PPR_multiple";"2017-01-01 00:00:00";"2017-08-30 00:00:00";USDT;ETH;60;1;["RSI","UO","TSI"];1;45.1775;45.1775;8.04482173;8.04482173;371.49;371.49;363.44517827;0.0000;
"PPR_multiple";"2017-01-01 00:00:00";"2017-08-30 00:00:00";USDT;ETH;60;1;["RSI","UO","UO"];1;45.1775;45.1775;8.04482173;8.04482173;371.49;371.49;363.44517827;0.0000;
"PPR_multiple";"2017-01-01 00:00:00";"2017-08-30 00:00:00";USDT;ETH;60;1;["TSI","CCI","CCI"];4;45.1775;0.9781;8.04482173;8.04482173;371.49;15.91383045;7.86900872;-355.5762;
"PPR_multiple";"2017-01-01 00:00:00";"2017-08-30 00:00:00";USDT;ETH;60;1;["TSI","CCI","DEMA"];0;45.1775;45.1775;8.04482173;8.04482173;371.49;371.49;363.44517827;0.0000;
"PPR_multiple";"2017-01-01 00:00:00";"2017-08-30 00:00:00";USDT;ETH;60;1;["TSI","CCI","MACD"];0;45.1775;45.1775;8.04482173;8.04482173;371.49;371.49;363.44517827;0.0000;
"PPR_multiple";"2017-01-01 00:00:00";"2017-08-30 00:00:00";USDT;ETH;60;1;["TSI","CCI","PPO"];0;45.1775;45.1775;8.04482173;8.04482173;371.49;371.49;363.44517827;0.0000;
"PPR_multiple";"2017-01-01 00:00:00";"2017-08-30 00:00:00";USDT;ETH;60;1;["TSI","CCI","RSI"];0;45.1775;45.1775;8.04482173;8.04482173;371.49;371.49;363.44517827;0.0000;
"PPR_multiple";"2017-01-01 00:00:00";"2017-08-30 00:00:00";USDT;ETH;60;1;["TSI","CCI","TSI"];4;45.1775;0.9781;8.04482173;8.04482173;371.49;15.91383045;7.86900872;-355.5762;
"PPR_multiple";"2017-01-01 00:00:00";"2017-08-30 00:00:00";USDT;ETH;60;1;["TSI","CCI","UO"];0;45.1775;45.1775;8.04482173;8.04482173;371.49;371.49;363.44517827;0.0000;
"PPR_multiple";"2017-01-01 00:00:00";"2017-08-30 00:00:00";USDT;ETH;60;1;["TSI","DEMA","CCI"];0;45.1775;45.1775;8.04482173;8.04482173;371.49;371.49;363.44517827;0.0000;
"PPR_multiple";"2017-01-01 00:00:00";"2017-08-30 00:00:00";USDT;ETH;60;1;["TSI","DEMA","DEMA"];0;45.1775;45.1775;8.04482173;8.04482173;371.49;371.49;363.44517827;0.0000;
"PPR_multiple";"2017-01-01 00:00:00";"2017-08-30 00:00:00";USDT;ETH;60;1;["TSI","DEMA","MACD"];0;45.1775;45.1775;8.04482173;8.04482173;371.49;371.49;363.44517827;0.0000;
"PPR_multiple";"2017-01-01 00:00:00";"2017-08-30 00:00:00";USDT;ETH;60;1;["TSI","DEMA","PPO"];0;45.1775;45.1775;8.04482173;8.04482173;371.49;371.49;363.44517827;0.0000;
"PPR_multiple";"2017-01-01 00:00:00";"2017-08-30 00:00:00";USDT;ETH;60;1;["TSI","DEMA","RSI"];0;45.1775;45.1775;8.04482173;8.04482173;371.49;371.49;363.44517827;0.0000;
"PPR_multiple";"2017-01-01 00:00:00";"2017-08-30 00:00:00";USDT;ETH;60;1;["TSI","DEMA","TSI"];0;45.1775;45.1775;8.04482173;8.04482173;371.49;371.49;363.44517827;0.0000;
"PPR_multiple";"2017-01-01 00:00:00";"2017-08-30 00:00:00";USDT;ETH;60;1;["TSI","DEMA","UO"];0;45.1775;45.1775;8.04482173;8.04482173;371.49;371.49;363.44517827;0.0000;
"PPR_multiple";"2017-01-01 00:00:00";"2017-08-30 00:00:00";USDT;ETH;60;1;["TSI","MACD","CCI"];0;45.1775;45.1775;8.04482173;8.04482173;371.49;371.49;363.44517827;0.0000;
"PPR_multiple";"2017-01-01 00:00:00";"2017-08-30 00:00:00";USDT;ETH;60;1;["TSI","MACD","DEMA"];0;45.1775;45.1775;8.04482173;8.04482173;371.49;371.49;363.44517827;0.0000;
"PPR_multiple";"2017-01-01 00:00:00";"2017-08-30 00:00:00";USDT;ETH;60;1;["TSI","MACD","MACD"];0;45.1775;45.1775;8.04482173;8.04482173;371.49;371.49;363.44517827;0.0000;
"PPR_multiple";"2017-01-01 00:00:00";"2017-08-30 00:00:00";USDT;ETH;60;1;["TSI","MACD","PPO"];0;45.1775;45.1775;8.04482173;8.04482173;371.49;371.49;363.44517827;0.0000;
"PPR_multiple";"2017-01-01 00:00:00";"2017-08-30 00:00:00";USDT;ETH;60;1;["TSI","MACD","RSI"];0;45.1775;45.1775;8.04482173;8.04482173;371.49;371.49;363.44517827;0.0000;
"PPR_multiple";"2017-01-01 00:00:00";"2017-08-30 00:00:00";USDT;ETH;60;1;["TSI","MACD","TSI"];0;45.1775;45.1775;8.04482173;8.04482173;371.49;371.49;363.44517827;0.0000;
"PPR_multiple";"2017-01-01 00:00:00";"2017-08-30 00:00:00";USDT;ETH;60;1;["TSI","MACD","UO"];0;45.1775;45.1775;8.04482173;8.04482173;371.49;371.49;363.44517827;0.0000;
"PPR_multiple";"2017-01-01 00:00:00";"2017-08-30 00:00:00";USDT;ETH;60;1;["TSI","PPO","CCI"];0;45.1775;45.1775;8.04482173;8.04482173;371.49;371.49;363.44517827;0.0000;
"PPR_multiple";"2017-01-01 00:00:00";"2017-08-30 00:00:00";USDT;ETH;60;1;["TSI","PPO","DEMA"];0;45.1775;45.1775;8.04482173;8.04482173;371.49;371.49;363.44517827;0.0000;
"PPR_multiple";"2017-01-01 00:00:00";"2017-08-30 00:00:00";USDT;ETH;60;1;["TSI","PPO","MACD"];0;45.1775;45.1775;8.04482173;8.04482173;371.49;371.49;363.44517827;0.0000;
"PPR_multiple";"2017-01-01 00:00:00";"2017-08-30 00:00:00";USDT;ETH;60;1;["TSI","PPO","PPO"];0;45.1775;45.1775;8.04482173;8.04482173;371.49;371.49;363.44517827;0.0000;
"PPR_multiple";"2017-01-01 00:00:00";"2017-08-30 00:00:00";USDT;ETH;60;1;["TSI","PPO","RSI"];0;45.1775;45.1775;8.04482173;8.04482173;371.49;371.49;363.44517827;0.0000;
"PPR_multiple";"2017-01-01 00:00:00";"2017-08-30 00:00:00";USDT;ETH;60;1;["TSI","PPO","TSI"];0;45.1775;45.1775;8.04482173;8.04482173;371.49;371.49;363.44517827;0.0000;
"PPR_multiple";"2017-01-01 00:00:00";"2017-08-30 00:00:00";USDT;ETH;60;1;["TSI","PPO","UO"];0;45.1775;45.1775;8.04482173;8.04482173;371.49;371.49;363.44517827;0.0000;
"PPR_multiple";"2017-01-01 00:00:00";"2017-08-30 00:00:00";USDT;ETH;60;1;["TSI","RSI","CCI"];0;45.1775;45.1775;8.04482173;8.04482173;371.49;371.49;363.44517827;0.0000;
"PPR_multiple";"2017-01-01 00:00:00";"2017-08-30 00:00:00";USDT;ETH;60;1;["TSI","RSI","DEMA"];0;45.1775;45.1775;8.04482173;8.04482173;371.49;371.49;363.44517827;0.0000;
"PPR_multiple";"2017-01-01 00:00:00";"2017-08-30 00:00:00";USDT;ETH;60;1;["TSI","RSI","MACD"];0;45.1775;45.1775;8.04482173;8.04482173;371.49;371.49;363.44517827;0.0000;
"PPR_multiple";"2017-01-01 00:00:00";"2017-08-30 00:00:00";USDT;ETH;60;1;["TSI","RSI","PPO"];0;45.1775;45.1775;8.04482173;8.04482173;371.49;371.49;363.44517827;0.0000;
"PPR_multiple";"2017-01-01 00:00:00";"2017-08-30 00:00:00";USDT;ETH;60;1;["TSI","RSI","RSI"];2;45.1775;30.4784;8.04482173;8.04482173;371.49;253.238;245.19317827;-118.2520;
"PPR_multiple";"2017-01-01 00:00:00";"2017-08-30 00:00:00";USDT;ETH;60;1;["TSI","RSI","TSI"];2;45.1775;30.4784;8.04482173;8.04482173;371.49;253.238;245.19317827;-118.2520;
"PPR_multiple";"2017-01-01 00:00:00";"2017-08-30 00:00:00";USDT;ETH;60;1;["TSI","RSI","UO"];1;45.1775;45.1775;8.04482173;8.04482173;371.49;371.49;363.44517827;0.0000;
"PPR_multiple";"2017-01-01 00:00:00";"2017-08-30 00:00:00";USDT;ETH;60;1;["TSI","TSI","CCI"];4;45.1775;0.9781;8.04482173;8.04482173;371.49;15.91383045;7.86900872;-355.5762;
"PPR_multiple";"2017-01-01 00:00:00";"2017-08-30 00:00:00";USDT;ETH;60;1;["TSI","TSI","DEMA"];0;45.1775;45.1775;8.04482173;8.04482173;371.49;371.49;363.44517827;0.0000;
"PPR_multiple";"2017-01-01 00:00:00";"2017-08-30 00:00:00";USDT;ETH;60;1;["TSI","TSI","MACD"];0;45.1775;45.1775;8.04482173;8.04482173;371.49;371.49;363.44517827;0.0000;
"PPR_multiple";"2017-01-01 00:00:00";"2017-08-30 00:00:00";USDT;ETH;60;1;["TSI","TSI","PPO"];0;45.1775;45.1775;8.04482173;8.04482173;371.49;371.49;363.44517827;0.0000;
"PPR_multiple";"2017-01-01 00:00:00";"2017-08-30 00:00:00";USDT;ETH;60;1;["TSI","TSI","RSI"];2;45.1775;30.4784;8.04482173;8.04482173;371.49;253.238;245.19317827;-118.2520;
"PPR_multiple";"2017-01-01 00:00:00";"2017-08-30 00:00:00";USDT;ETH;60;1;["TSI","TSI","TSI"];8;45.1775;0.6162;8.04482173;8.04482173;371.49;13.00217271;4.957350979999999;-358.4878;
"PPR_multiple";"2017-01-01 00:00:00";"2017-08-30 00:00:00";USDT;ETH;60;1;["TSI","TSI","UO"];1;45.1775;45.1775;8.04482173;8.04482173;371.49;371.49;363.44517827;0.0000;
"PPR_multiple";"2017-01-01 00:00:00";"2017-08-30 00:00:00";USDT;ETH;60;1;["TSI","UO","CCI"];0;45.1775;45.1775;8.04482173;8.04482173;371.49;371.49;363.44517827;0.0000;
"PPR_multiple";"2017-01-01 00:00:00";"2017-08-30 00:00:00";USDT;ETH;60;1;["TSI","UO","DEMA"];0;45.1775;45.1775;8.04482173;8.04482173;371.49;371.49;363.44517827;0.0000;
"PPR_multiple";"2017-01-01 00:00:00";"2017-08-30 00:00:00";USDT;ETH;60;1;["TSI","UO","MACD"];0;45.1775;45.1775;8.04482173;8.04482173;371.49;371.49;363.44517827;0.0000;
"PPR_multiple";"2017-01-01 00:00:00";"2017-08-30 00:00:00";USDT;ETH;60;1;["TSI","UO","PPO"];0;45.1775;45.1775;8.04482173;8.04482173;371.49;371.49;363.44517827;0.0000;
"PPR_multiple";"2017-01-01 00:00:00";"2017-08-30 00:00:00";USDT;ETH;60;1;["TSI","UO","RSI"];1;45.1775;45.1775;8.04482173;8.04482173;371.49;371.49;363.44517827;0.0000;
"PPR_multiple";"2017-01-01 00:00:00";"2017-08-30 00:00:00";USDT;ETH;60;1;["TSI","UO","TSI"];1;45.1775;45.1775;8.04482173;8.04482173;371.49;371.49;363.44517827;0.0000;
"PPR_multiple";"2017-01-01 00:00:00";"2017-08-30 00:00:00";USDT;ETH;60;1;["TSI","UO","UO"];1;45.1775;45.1775;8.04482173;8.04482173;371.49;371.49;363.44517827;0.0000;
"PPR_multiple";"2017-01-01 00:00:00";"2017-08-30 00:00:00";USDT;ETH;60;1;["UO","CCI","CCI"];0;45.1775;45.1775;8.04482173;8.04482173;371.49;371.49;363.44517827;0.0000;
"PPR_multiple";"2017-01-01 00:00:00";"2017-08-30 00:00:00";USDT;ETH;60;1;["UO","CCI","DEMA"];0;45.1775;45.1775;8.04482173;8.04482173;371.49;371.49;363.44517827;0.0000;
"PPR_multiple";"2017-01-01 00:00:00";"2017-08-30 00:00:00";USDT;ETH;60;1;["UO","CCI","MACD"];0;45.1775;45.1775;8.04482173;8.04482173;371.49;371.49;363.44517827;0.0000;
"PPR_multiple";"2017-01-01 00:00:00";"2017-08-30 00:00:00";USDT;ETH;60;1;["UO","CCI","PPO"];0;45.1775;45.1775;8.04482173;8.04482173;371.49;371.49;363.44517827;0.0000;
"PPR_multiple";"2017-01-01 00:00:00";"2017-08-30 00:00:00";USDT;ETH;60;1;["UO","CCI","RSI"];0;45.1775;45.1775;8.04482173;8.04482173;371.49;371.49;363.44517827;0.0000;
"PPR_multiple";"2017-01-01 00:00:00";"2017-08-30 00:00:00";USDT;ETH;60;1;["UO","CCI","TSI"];0;45.1775;45.1775;8.04482173;8.04482173;371.49;371.49;363.44517827;0.0000;
"PPR_multiple";"2017-01-01 00:00:00";"2017-08-30 00:00:00";USDT;ETH;60;1;["UO","CCI","UO"];0;45.1775;45.1775;8.04482173;8.04482173;371.49;371.49;363.44517827;0.0000;
"PPR_multiple";"2017-01-01 00:00:00";"2017-08-30 00:00:00";USDT;ETH;60;1;["UO","DEMA","CCI"];0;45.1775;45.1775;8.04482173;8.04482173;371.49;371.49;363.44517827;0.0000;
"PPR_multiple";"2017-01-01 00:00:00";"2017-08-30 00:00:00";USDT;ETH;60;1;["UO","DEMA","DEMA"];0;45.1775;45.1775;8.04482173;8.04482173;371.49;371.49;363.44517827;0.0000;
"PPR_multiple";"2017-01-01 00:00:00";"2017-08-30 00:00:00";USDT;ETH;60;1;["UO","DEMA","MACD"];0;45.1775;45.1775;8.04482173;8.04482173;371.49;371.49;363.44517827;0.0000;
"PPR_multiple";"2017-01-01 00:00:00";"2017-08-30 00:00:00";USDT;ETH;60;1;["UO","DEMA","PPO"];0;45.1775;45.1775;8.04482173;8.04482173;371.49;371.49;363.44517827;0.0000;
"PPR_multiple";"2017-01-01 00:00:00";"2017-08-30 00:00:00";USDT;ETH;60;1;["UO","DEMA","RSI"];0;45.1775;45.1775;8.04482173;8.04482173;371.49;371.49;363.44517827;0.0000;
"PPR_multiple";"2017-01-01 00:00:00";"2017-08-30 00:00:00";USDT;ETH;60;1;["UO","DEMA","TSI"];0;45.1775;45.1775;8.04482173;8.04482173;371.49;371.49;363.44517827;0.0000;
"PPR_multiple";"2017-01-01 00:00:00";"2017-08-30 00:00:00";USDT;ETH;60;1;["UO","DEMA","UO"];0;45.1775;45.1775;8.04482173;8.04482173;371.49;371.49;363.44517827;0.0000;
"PPR_multiple";"2017-01-01 00:00:00";"2017-08-30 00:00:00";USDT;ETH;60;1;["UO","MACD","CCI"];0;45.1775;45.1775;8.04482173;8.04482173;371.49;371.49;363.44517827;0.0000;
"PPR_multiple";"2017-01-01 00:00:00";"2017-08-30 00:00:00";USDT;ETH;60;1;["UO","MACD","DEMA"];0;45.1775;45.1775;8.04482173;8.04482173;371.49;371.49;363.44517827;0.0000;
"PPR_multiple";"2017-01-01 00:00:00";"2017-08-30 00:00:00";USDT;ETH;60;1;["UO","MACD","MACD"];0;45.1775;45.1775;8.04482173;8.04482173;371.49;371.49;363.44517827;0.0000;
"PPR_multiple";"2017-01-01 00:00:00";"2017-08-30 00:00:00";USDT;ETH;60;1;["UO","MACD","PPO"];0;45.1775;45.1775;8.04482173;8.04482173;371.49;371.49;363.44517827;0.0000;
"PPR_multiple";"2017-01-01 00:00:00";"2017-08-30 00:00:00";USDT;ETH;60;1;["UO","MACD","RSI"];0;45.1775;45.1775;8.04482173;8.04482173;371.49;371.49;363.44517827;0.0000;
"PPR_multiple";"2017-01-01 00:00:00";"2017-08-30 00:00:00";USDT;ETH;60;1;["UO","MACD","TSI"];0;45.1775;45.1775;8.04482173;8.04482173;371.49;371.49;363.44517827;0.0000;
"PPR_multiple";"2017-01-01 00:00:00";"2017-08-30 00:00:00";USDT;ETH;60;1;["UO","MACD","UO"];0;45.1775;45.1775;8.04482173;8.04482173;371.49;371.49;363.44517827;0.0000;
"PPR_multiple";"2017-01-01 00:00:00";"2017-08-30 00:00:00";USDT;ETH;60;1;["UO","PPO","CCI"];0;45.1775;45.1775;8.04482173;8.04482173;371.49;371.49;363.44517827;0.0000;
"PPR_multiple";"2017-01-01 00:00:00";"2017-08-30 00:00:00";USDT;ETH;60;1;["UO","PPO","DEMA"];0;45.1775;45.1775;8.04482173;8.04482173;371.49;371.49;363.44517827;0.0000;
"PPR_multiple";"2017-01-01 00:00:00";"2017-08-30 00:00:00";USDT;ETH;60;1;["UO","PPO","MACD"];0;45.1775;45.1775;8.04482173;8.04482173;371.49;371.49;363.44517827;0.0000;
"PPR_multiple";"2017-01-01 00:00:00";"2017-08-30 00:00:00";USDT;ETH;60;1;["UO","PPO","PPO"];0;45.1775;45.1775;8.04482173;8.04482173;371.49;371.49;363.44517827;0.0000;
"PPR_multiple";"2017-01-01 00:00:00";"2017-08-30 00:00:00";USDT;ETH;60;1;["UO","PPO","RSI"];0;45.1775;45.1775;8.04482173;8.04482173;371.49;371.49;363.44517827;0.0000;
"PPR_multiple";"2017-01-01 00:00:00";"2017-08-30 00:00:00";USDT;ETH;60;1;["UO","PPO","TSI"];0;45.1775;45.1775;8.04482173;8.04482173;371.49;371.49;363.44517827;0.0000;
"PPR_multiple";"2017-01-01 00:00:00";"2017-08-30 00:00:00";USDT;ETH;60;1;["UO","PPO","UO"];0;45.1775;45.1775;8.04482173;8.04482173;371.49;371.49;363.44517827;0.0000;
"PPR_multiple";"2017-01-01 00:00:00";"2017-08-30 00:00:00";USDT;ETH;60;1;["UO","RSI","CCI"];0;45.1775;45.1775;8.04482173;8.04482173;371.49;371.49;363.44517827;0.0000;
"PPR_multiple";"2017-01-01 00:00:00";"2017-08-30 00:00:00";USDT;ETH;60;1;["UO","RSI","DEMA"];0;45.1775;45.1775;8.04482173;8.04482173;371.49;371.49;363.44517827;0.0000;
"PPR_multiple";"2017-01-01 00:00:00";"2017-08-30 00:00:00";USDT;ETH;60;1;["UO","RSI","MACD"];0;45.1775;45.1775;8.04482173;8.04482173;371.49;371.49;363.44517827;0.0000;
"PPR_multiple";"2017-01-01 00:00:00";"2017-08-30 00:00:00";USDT;ETH;60;1;["UO","RSI","PPO"];0;45.1775;45.1775;8.04482173;8.04482173;371.49;371.49;363.44517827;0.0000;
"PPR_multiple";"2017-01-01 00:00:00";"2017-08-30 00:00:00";USDT;ETH;60;1;["UO","RSI","RSI"];1;45.1775;45.1775;8.04482173;8.04482173;371.49;371.49;363.44517827;0.0000;
"PPR_multiple";"2017-01-01 00:00:00";"2017-08-30 00:00:00";USDT;ETH;60;1;["UO","RSI","TSI"];1;45.1775;45.1775;8.04482173;8.04482173;371.49;371.49;363.44517827;0.0000;
"PPR_multiple";"2017-01-01 00:00:00";"2017-08-30 00:00:00";USDT;ETH;60;1;["UO","RSI","UO"];1;45.1775;45.1775;8.04482173;8.04482173;371.49;371.49;363.44517827;0.0000;
"PPR_multiple";"2017-01-01 00:00:00";"2017-08-30 00:00:00";USDT;ETH;60;1;["UO","TSI","CCI"];0;45.1775;45.1775;8.04482173;8.04482173;371.49;371.49;363.44517827;0.0000;
"PPR_multiple";"2017-01-01 00:00:00";"2017-08-30 00:00:00";USDT;ETH;60;1;["UO","TSI","DEMA"];0;45.1775;45.1775;8.04482173;8.04482173;371.49;371.49;363.44517827;0.0000;
"PPR_multiple";"2017-01-01 00:00:00";"2017-08-30 00:00:00";USDT;ETH;60;1;["UO","TSI","MACD"];0;45.1775;45.1775;8.04482173;8.04482173;371.49;371.49;363.44517827;0.0000;
"PPR_multiple";"2017-01-01 00:00:00";"2017-08-30 00:00:00";USDT;ETH;60;1;["UO","TSI","PPO"];0;45.1775;45.1775;8.04482173;8.04482173;371.49;371.49;363.44517827;0.0000;
"PPR_multiple";"2017-01-01 00:00:00";"2017-08-30 00:00:00";USDT;ETH;60;1;["UO","TSI","RSI"];1;45.1775;45.1775;8.04482173;8.04482173;371.49;371.49;363.44517827;0.0000;
"PPR_multiple";"2017-01-01 00:00:00";"2017-08-30 00:00:00";USDT;ETH;60;1;["UO","TSI","TSI"];1;45.1775;45.1775;8.04482173;8.04482173;371.49;371.49;363.44517827;0.0000;
"PPR_multiple";"2017-01-01 00:00:00";"2017-08-30 00:00:00";USDT;ETH;60;1;["UO","TSI","UO"];1;45.1775;45.1775;8.04482173;8.04482173;371.49;371.49;363.44517827;0.0000;
"PPR_multiple";"2017-01-01 00:00:00";"2017-08-30 00:00:00";USDT;ETH;60;1;["UO","UO","CCI"];0;45.1775;45.1775;8.04482173;8.04482173;371.49;371.49;363.44517827;0.0000;
"PPR_multiple";"2017-01-01 00:00:00";"2017-08-30 00:00:00";USDT;ETH;60;1;["UO","UO","DEMA"];0;45.1775;45.1775;8.04482173;8.04482173;371.49;371.49;363.44517827;0.0000;
"PPR_multiple";"2017-01-01 00:00:00";"2017-08-30 00:00:00";USDT;ETH;60;1;["UO","UO","MACD"];0;45.1775;45.1775;8.04482173;8.04482173;371.49;371.49;363.44517827;0.0000;
"PPR_multiple";"2017-01-01 00:00:00";"2017-08-30 00:00:00";USDT;ETH;60;1;["UO","UO","PPO"];0;45.1775;45.1775;8.04482173;8.04482173;371.49;371.49;363.44517827;0.0000;
"PPR_multiple";"2017-01-01 00:00:00";"2017-08-30 00:00:00";USDT;ETH;60;1;["UO","UO","RSI"];1;45.1775;45.1775;8.04482173;8.04482173;371.49;371.49;363.44517827;0.0000;
"PPR_multiple";"2017-01-01 00:00:00";"2017-08-30 00:00:00";USDT;ETH;60;1;["UO","UO","TSI"];1;45.1775;45.1775;8.04482173;8.04482173;371.49;371.49;363.44517827;0.0000;
"PPR_multiple";"2017-01-01 00:00:00";"2017-08-30 00:00:00";USDT;ETH;60;1;["UO","UO","UO"];1;45.1775;45.1775;8.04482173;8.04482173;371.49;371.49;363.44517827;0.0000;
